agency,county_name,agency_type_name
Bastrop,BASTROP,City
Smithville,BASTROP,City
Bastrop,BASTROP,County
Independent School District: Bastrop,BASTROP,Other
Lockhart,CALDWELL,City
Martindale,CALDWELL,City
Caldwell,CALDWELL,County
Buda,HAYS,City
Kyle,HAYS,City
Hays,HAYS,County
Texas State University: San Marcos,HAYS,University or College
Bee Cave,TRAVIS,City
Jonestown,TRAVIS,City
Lago Vista,TRAVIS,City
Lakeway,TRAVIS,City
Manor,TRAVIS,City
Rollingwood,TRAVIS,City
Sunset Valley,TRAVIS,City
West Lake Hills,TRAVIS,City
Travis,TRAVIS,County
Austin Parks Police Department,TRAVIS,Other
Independent School District: Austin,TRAVIS,Other
Independent School District: Pflugerville,TRAVIS,Other
Travis County Constable's Office,TRAVIS,Other
University of Texas: Austin,TRAVIS,University or College
Florence,WILLIAMSON,City
Georgetown,WILLIAMSON,City
Granger,WILLIAMSON,City
Hutto,WILLIAMSON,City
Jarrell,WILLIAMSON,City
Liberty Hill,WILLIAMSON,City
Taylor,WILLIAMSON,City
Thrall,WILLIAMSON,City
Williamson,WILLIAMSON,County
Southwestern University,WILLIAMSON,University or College
